rate_date,currency,rate_to_idr
2026-05-01,USD,16309.61
2026-05-01,SGD,12574.71
2026-05-01,MYR,3852.69
2026-05-04,USD,16233.42
2026-05-04,SGD,12664.38
2026-05-04,MYR,3858.28
2026-05-05,USD,16261.67
2026-05-05,SGD,12569.21
2026-05-05,MYR,3864.84
2026-05-06,USD,16245.12
2026-05-06,SGD,12557.45
2026-05-06,MYR,3851.44
2026-05-07,USD,16256.73
2026-05-07,SGD,12559.28
2026-05-07,MYR,3845.78
2026-05-08,USD,16213.40
2026-05-08,SGD,12499.07
2026-05-08,MYR,3836.23
2026-05-11,USD,16263.94
2026-05-11,SGD,12423.03
2026-05-11,MYR,3843.18
2026-05-12,USD,16275.12
2026-05-12,SGD,12421.96
2026-05-12,MYR,3845.76
2026-05-13,USD,16210.54
2026-05-13,SGD,12427.88
2026-05-13,MYR,3843.26
2026-05-14,USD,16253.25
2026-05-14,SGD,12375.49
2026-05-14,MYR,3827.36
2026-05-15,USD,16284.63
2026-05-15,SGD,12364.83
2026-05-15,MYR,3830.70
2026-05-18,USD,16251.25
2026-05-18,SGD,12371.64
2026-05-18,MYR,3820.13
2026-05-19,USD,16176.23
2026-05-19,SGD,12400.62
2026-05-19,MYR,3840.22
2026-05-20,USD,16181.41
2026-05-20,SGD,12425.39
2026-05-20,MYR,3824.93
2026-05-21,USD,16148.04
2026-05-21,SGD,12461.55
2026-05-21,MYR,3815.92
2026-05-22,USD,16072.76
2026-05-22,SGD,12468.43
2026-05-22,MYR,3835.85
2026-05-25,USD,16072.83
2026-05-25,SGD,12469.75
2026-05-25,MYR,3817.48
2026-05-26,USD,16083.61
2026-05-26,SGD,12463.99
2026-05-26,MYR,3805.62
2026-05-27,USD,16160.53
2026-05-27,SGD,12470.13
2026-05-27,MYR,3814.14
2026-05-28,USD,16183.61
2026-05-28,SGD,12458.37
2026-05-28,MYR,3810.69
2026-05-29,USD,16229.62
2026-05-29,SGD,12417.13
2026-05-29,MYR,3796.11
2026-06-01,USD,16224.23
2026-06-01,SGD,12352.62
2026-06-01,MYR,3817.18
2026-06-02,USD,16240.97
2026-06-02,SGD,12362.59
2026-06-02,MYR,3823.96
2026-06-03,USD,16224.40
2026-06-03,SGD,12371.75
2026-06-03,MYR,3805.07
2026-06-04,USD,16310.62
2026-06-04,SGD,12378.43
2026-06-04,MYR,3796.53
2026-06-05,USD,16257.43
2026-06-05,SGD,12409.20
2026-06-05,MYR,3773.61
2026-06-08,USD,16349.68
2026-06-08,SGD,12387.15
2026-06-08,MYR,3773.96
2026-06-09,USD,16320.86
2026-06-09,SGD,12434.91
2026-06-09,MYR,3769.84
2026-06-10,USD,16371.09
2026-06-10,SGD,12462.69
2026-06-10,MYR,3774.09
2026-06-11,USD,16348.79
2026-06-11,SGD,12433.43
2026-06-11,MYR,3788.92
2026-06-12,USD,16300.52
2026-06-12,SGD,12471.83
2026-06-12,MYR,3788.13
2026-06-15,USD,16406.28
2026-06-15,SGD,12482.81
2026-06-15,MYR,3780.70
2026-06-16,USD,16469.36
2026-06-16,SGD,12483.24
2026-06-16,MYR,3785.28
2026-06-17,USD,16436.74
2026-06-17,SGD,12411.44
2026-06-17,MYR,3801.50
2026-06-18,USD,16455.96
2026-06-18,SGD,12459.63
2026-06-18,MYR,3789.38
2026-06-19,USD,16457.76
2026-06-19,SGD,12471.77
2026-06-19,MYR,3780.32
2026-06-22,USD,16550.51
2026-06-22,SGD,12397.73
2026-06-22,MYR,3787.74
2026-06-23,USD,16590.79
2026-06-23,SGD,12381.12
2026-06-23,MYR,3772.06
2026-06-24,USD,16550.84
2026-06-24,SGD,12402.80
2026-06-24,MYR,3761.98
2026-06-25,USD,16571.11
2026-06-25,SGD,12426.04
2026-06-25,MYR,3762.36
2026-06-26,USD,16557.63
2026-06-26,SGD,12454.14
2026-06-26,MYR,3754.25
2026-06-29,USD,16501.55
2026-06-29,SGD,12450.32
2026-06-29,MYR,3758.00
2026-06-30,USD,16399.71
2026-06-30,SGD,12445.44
2026-06-30,MYR,3749.86
2026-07-01,USD,16502.51
2026-07-01,SGD,12405.39
2026-07-01,MYR,3752.32
2026-07-02,USD,16416.02
2026-07-02,SGD,12484.57
2026-07-02,MYR,3747.62
2026-07-03,USD,16439.46
2026-07-03,SGD,12482.79
2026-07-03,MYR,3762.80
2026-07-06,USD,16401.11
2026-07-06,SGD,12441.60
2026-07-06,MYR,3749.37
2026-07-07,USD,16380.24
2026-07-07,SGD,12399.58
2026-07-07,MYR,3737.22
2026-07-08,USD,16429.25
2026-07-08,SGD,12420.33
2026-07-08,MYR,3736.98
2026-07-09,USD,16341.21
2026-07-09,SGD,12403.82
2026-07-09,MYR,3722.70
2026-07-10,USD,16459.50
2026-07-10,SGD,12386.77
2026-07-10,MYR,3707.26
2026-07-13,USD,16486.84
2026-07-13,SGD,12408.23
2026-07-13,MYR,3693.63
2026-07-14,USD,16462.70
2026-07-14,SGD,12424.76
2026-07-14,MYR,3696.52
2026-07-15,USD,16345.80
2026-07-15,SGD,12397.12
2026-07-15,MYR,3684.52
2026-07-16,USD,16346.02
2026-07-16,SGD,12316.43
2026-07-16,MYR,3688.55
2026-07-17,USD,16341.30
2026-07-17,SGD,12285.11
2026-07-17,MYR,3697.15
2026-07-20,USD,16336.88
2026-07-20,SGD,12311.29
2026-07-20,MYR,3718.48
2026-07-21,USD,16289.91
2026-07-21,SGD,12289.62
2026-07-21,MYR,3707.61
2026-07-22,USD,16298.89
2026-07-22,SGD,12244.13
2026-07-22,MYR,3686.63
2026-07-23,USD,16337.89
2026-07-23,SGD,12268.73
2026-07-23,MYR,3668.11
2026-07-24,USD,16278.77
2026-07-24,SGD,12246.69
2026-07-24,MYR,3678.23
2026-07-27,USD,16324.79
2026-07-27,SGD,12203.99
2026-07-27,MYR,3667.88
2026-07-28,USD,16327.09
2026-07-28,SGD,12236.06
2026-07-28,MYR,3657.77
2026-07-29,USD,16219.52
2026-07-29,SGD,12245.00
2026-07-29,MYR,3646.96
2026-07-30,USD,16244.66
2026-07-30,SGD,12206.12
2026-07-30,MYR,3651.91
2026-07-31,USD,16188.22
2026-07-31,SGD,12204.07
2026-07-31,MYR,3657.11
2026-08-03,USD,16198.05
2026-08-03,SGD,12139.42
2026-08-03,MYR,3656.28
2026-08-04,USD,16136.19
2026-08-04,SGD,12205.81
2026-08-04,MYR,3669.00
2026-08-05,USD,16096.42
2026-08-05,SGD,12220.47
2026-08-05,MYR,3672.85
2026-08-06,USD,16095.14
2026-08-06,SGD,12170.58
2026-08-06,MYR,3652.78
2026-08-07,USD,16057.40
2026-08-07,SGD,12165.66
2026-08-07,MYR,3653.77
2026-08-10,USD,16085.32
2026-08-10,SGD,12160.52
2026-08-10,MYR,3639.84
2026-08-11,USD,16135.76
2026-08-11,SGD,12239.94
2026-08-11,MYR,3657.71
2026-08-12,USD,16053.12
2026-08-12,SGD,12207.49
2026-08-12,MYR,3655.89
2026-08-13,USD,16032.09
2026-08-13,SGD,12215.80
2026-08-13,MYR,3649.98
2026-08-14,USD,16098.72
2026-08-14,SGD,12275.45
2026-08-14,MYR,3631.95
2026-08-17,USD,16132.09
2026-08-17,SGD,12281.59
2026-08-17,MYR,3628.32
2026-08-18,USD,16115.96
2026-08-18,SGD,12264.20
2026-08-18,MYR,3619.14
2026-08-19,USD,16104.89
2026-08-19,SGD,12234.55
2026-08-19,MYR,3620.01
2026-08-20,USD,16010.68
2026-08-20,SGD,12287.85
2026-08-20,MYR,3621.87
2026-08-21,USD,15953.98
2026-08-21,SGD,12281.80
2026-08-21,MYR,3631.63
2026-08-24,USD,15885.84
2026-08-24,SGD,12290.24
2026-08-24,MYR,3614.83
2026-08-25,USD,15892.22
2026-08-25,SGD,12344.41
2026-08-25,MYR,3602.85
2026-08-26,USD,15920.94
2026-08-26,SGD,12367.69
2026-08-26,MYR,3602.77
2026-08-27,USD,15889.89
2026-08-27,SGD,12360.59
2026-08-27,MYR,3607.37
2026-08-28,USD,15878.21
2026-08-28,SGD,12354.15
2026-08-28,MYR,3631.74
2026-08-31,USD,15870.93
2026-08-31,SGD,12416.81
2026-08-31,MYR,3628.13
2026-09-01,USD,15914.36
2026-09-01,SGD,12341.64
2026-09-01,MYR,3619.07
2026-09-02,USD,15904.96
2026-09-02,SGD,12311.41
2026-09-02,MYR,3633.28
2026-09-03,USD,15875.78
2026-09-03,SGD,12276.77
2026-09-03,MYR,3640.00
2026-09-04,USD,15851.26
2026-09-04,SGD,12246.23
2026-09-04,MYR,3660.47
2026-09-07,USD,15836.88
2026-09-07,SGD,12206.05
2026-09-07,MYR,3656.25
2026-09-08,USD,15915.58
2026-09-08,SGD,12193.62
2026-09-08,MYR,3651.45
2026-09-09,USD,15862.99
2026-09-09,SGD,12147.21
2026-09-09,MYR,3655.54
2026-09-10,USD,15848.16
2026-09-10,SGD,12118.70
2026-09-10,MYR,3647.70
2026-09-11,USD,15798.76
2026-09-11,SGD,12159.00
2026-09-11,MYR,3635.70
2026-09-14,USD,15749.28
2026-09-14,SGD,12145.72
2026-09-14,MYR,3662.83
2026-09-15,USD,15802.34
2026-09-15,SGD,12189.86
2026-09-15,MYR,3650.74
2026-09-16,USD,15815.43
2026-09-16,SGD,12186.43
2026-09-16,MYR,3649.26
2026-09-17,USD,15711.49
2026-09-17,SGD,12129.87
2026-09-17,MYR,3647.25
2026-09-18,USD,15712.96
2026-09-18,SGD,12115.03
2026-09-18,MYR,3640.21
2026-09-21,USD,15686.90
2026-09-21,SGD,12049.52
2026-09-21,MYR,3623.96
2026-09-22,USD,15725.40
2026-09-22,SGD,11996.05
2026-09-22,MYR,3623.34
2026-09-23,USD,15766.49
2026-09-23,SGD,11999.57
2026-09-23,MYR,3613.19
2026-09-24,USD,15744.30
2026-09-24,SGD,12033.27
2026-09-24,MYR,3604.80
2026-09-25,USD,15844.19
2026-09-25,SGD,12032.60
2026-09-25,MYR,3602.44
